#energia,  pressao,  rho, mu_B
1674.9229819, 526.7770235003, 1.3271269449, 1658.9972902966
1671.8716342612, 525.450815535, 1.325286302, 1657.9983106605
1668.8324886101, 524.1264476624, 1.3234521932, 1656.9989815694
1665.8154549149, 522.8039075503, 1.3216322039, 1655.9973009472
1662.8120782148, 521.4831855211, 1.3198176285, 1654.9977941073
1659.8216869125, 520.164274174, 1.3180095612, 1653.9985940003
1656.8411830556, 518.8471675806, 1.316206138, 1652.9996995392
1653.8695623453, 517.5318610416, 1.3144085758, 1651.998825507
1650.904462129, 516.2183509781, 1.3126137316, 1650.9981276028
1647.9435804725, 514.906634904, 1.3108208296, 1649.9968313634
1644.9851616443, 513.5967114736, 1.3090266898, 1648.9976025006
1642.0273517955, 512.288580612, 1.30723302, 1647.9968753815
1639.0662062196, 510.9822437688, 1.3054352291, 1646.9974166552
1636.0988958316, 509.6777043758, 1.3036337418, 1645.9965183727
1633.118913734, 508.3749686819, 1.301822841, 1644.9963965246
1630.116816083, 507.074047422, 1.2999989688, 1643.9942760417
1627.0715454515, 505.7749596841, 1.2981419845, 1642.999402727
1623.9236906039, 504.4777452885, 1.2962263875, 1641.9982314768
1620.7421649916, 503.1825024989, 1.2942934064, 1640.9916460458
1618.032601428, 501.8890072942, 1.2926365611, 1639.9981808635
1615.3253173432, 500.59716329, 1.2909855265, 1638.9978332641
1612.6227276361, 499.3069692039, 1.2893365942, 1637.9971733679
1609.921683649, 498.0184238462, 1.2876840551, 1637.0010167996
1607.2341672354, 496.7315261113, 1.2860484926, 1635.992503683
1603.8673649489, 495.4463337975, 1.2839860816, 1634.9972393696
1600.4355247047, 494.1634094556, 1.2818841165, 1634.0002244628
1597.3176440239, 492.8824677999, 1.2799748168, 1633.0009656804
1594.299902187, 491.6034052198, 1.2781278145, 1631.9989940107
1591.3366847154, 490.3261768715, 1.2763109817, 1630.9997260947
1588.407858776, 489.0507556163, 1.2745103073, 1630.0053459652
1585.5083308637, 487.777122762, 1.2727297378, 1629.0068441677
1582.6312918026, 486.5052645099, 1.2709689191, 1627.9993359509
1579.76948395, 485.2351702844, 1.2692127546, 1626.9964564345
1576.9193389741, 483.9668317643, 1.2674590347, 1625.9982487058
1574.0817828213, 482.7002423753, 1.2657152101, 1624.9958985477
1571.250948144, 481.4353969426, 1.2639711698, 1623.9977573178
1568.4279900163, 480.1722915025, 1.2622333916, 1622.9964245089
1565.6087101119, 478.910923187, 1.2604946453, 1621.9978728002
1562.7933240297, 477.6512901931, 1.2587590889, 1620.9969263828
1559.9783342178, 476.3933918127, 1.2570208593, 1619.9983564614
1557.1635902803, 475.1372285459, 1.2552843191, 1618.9964201153
1554.3454103663, 473.8828023184, 1.2535443611, 1617.9947639829
1551.5192597596, 472.6301168683, 1.2517974737, 1616.9942975507
1548.6773066686, 471.3791784345, 1.2500342039, 1616.0009692262
1545.8174193403, 470.1299970853, 1.2482634152, 1615.0016029213
1542.9233529888, 468.8825895447, 1.2464735347, 1613.9981206613
1539.9509997909, 467.6369871243, 1.244630163, 1612.9996256106
1536.8534964656, 466.3932529616, 1.2426993993, 1612.012326182
1533.9842902166, 465.1514157337, 1.2409326622, 1610.9945099361
1531.4083972704, 463.9112090341, 1.2393360014, 1609.9908370684
1528.8333807434, 462.6726007025, 1.2377327112, 1608.9951921609
1526.256718356, 461.4355912451, 1.2361297019, 1607.9965610414
1523.6762548279, 460.2001819578, 1.2345228728, 1606.998525943
1521.0945255819, 458.9663755468, 1.232921134, 1605.9915322
1518.5010474908, 457.7341775768, 1.2312995965, 1604.9994905416
1515.9741152955, 456.5035688959, 1.2297232775, 1604.0012580417
1513.4516085712, 455.2745343063, 1.2281511801, 1602.9998381736
1510.9304280623, 454.047072824, 1.2265755361, 1602.0028469875
1508.4145259551, 452.8211835135, 1.2250067925, 1600.9998650033
1505.90224166, 451.5968655089, 1.2234418154, 1599.993626632
1503.3883936721, 450.3741179659, 1.2218659649, 1598.9990455138
1500.8787434481, 449.1529401358, 1.2202957931, 1597.9991856351
1498.3719867295, 447.9333312969, 1.2187266687, 1596.9990383788
1495.8670225205, 446.7152907895, 1.2171568846, 1595.9999387995
1493.3574112297, 445.4988180014, 1.2155803603, 1595.0045694828
1490.8578459486, 444.2839124146, 1.2140103905, 1594.0075747911
1488.3643106251, 443.0705735127, 1.2124487352, 1593.0033394976
1485.8734117026, 441.8588008832, 1.2108902479, 1591.9958195234
1483.3826346937, 440.6485941642, 1.2093281031, 1590.9919101982
1480.2162329447, 439.4402126305, 1.2073310355, 1590.0000821258
1477.4059932696, 438.2336897834, 1.205562244, 1589.0010595658
1474.6734934744, 437.028915458, 1.203843837, 1587.9986674116
1471.975778447, 435.8258548375, 1.2021414769, 1587.0025865982
1469.309849452, 434.6244889363, 1.200470661, 1585.9898957119
1466.6506146556, 433.424805855, 1.1987915007, 1584.9924022098
1464.0026811937, 432.2267978647, 1.1971197744, 1583.9931137982
1461.3602164443, 431.0304600944, 1.195448929, 1582.9958358619
1458.7227983284, 429.8357900018, 1.193784171, 1581.9933236153
1456.0832757315, 428.6427872357, 1.1921158022, 1580.9924333782
1453.4380092864, 427.4514538864, 1.1904425645, 1579.9917772588
1450.7780763477, 426.2617952305, 1.188751025, 1579.0016850683
1448.0994484081, 425.0738215865, 1.1870565555, 1577.9983365613
1445.369149645, 423.8875531657, 1.1853243158, 1577.0002166781
1442.4848576646, 422.7030406117, 1.1834954028, 1575.9992762526
1439.9247386105, 421.5202946124, 1.1818696156, 1575.0003288214
1437.5058359824, 420.3390952905, 1.1803320442, 1574.0019432807
1435.0906299652, 419.1594345892, 1.1787991834, 1572.9991085103
1432.6772519995, 417.981311427, 1.1772638073, 1571.9998796711
1430.2671333238, 416.8047247875, 1.1757306345, 1570.9991760856
1427.8587322995, 415.6296737156, 1.1741955033, 1570.0012483935
1425.4546644404, 414.4561573126, 1.1726649752, 1568.9995528714
1423.0536239414, 413.284174733, 1.1711356403, 1567.9975363451
1420.6517030115, 412.1137251797, 1.1696003674, 1567.0014128214
1418.2557211829, 410.944807904, 1.1680727269, 1565.9988345662
1415.8606127389, 409.7774222004, 1.1665427402, 1564.9988396983
1413.4678046053, 408.6115674057, 1.1650130911, 1563.9990537284
1411.0766404596, 407.447242897, 1.1634825461, 1563.0005705345
1408.6883529491, 406.2844480902, 1.1619547793, 1561.9995143634
1406.3017163986, 405.123182439, 1.160426171, 1560.9996948993
1403.9165320932, 403.9634454333, 1.1588967613, 1560.0008886473
1401.5337968175, 402.8052365992, 1.1573686791, 1559.0010910255
1399.1533226266, 401.6485554976, 1.1558419511, 1558.00010231
1396.7738911328, 400.4934017252, 1.1543136777, 1557.0007768566
1394.396489082, 399.3397749133, 1.1527866952, 1556.0001442364
1392.0213689158, 398.1876747293, 1.1512607974, 1554.9987003095
1389.6460709378, 397.0371008764, 1.1497318043, 1553.9999547273
1387.2731059789, 395.8880530956, 1.148204357, 1552.9998194468
1384.9008776373, 394.7405311666, 1.1466755194, 1552.0008744464
1382.530321582, 393.5945349098, 1.1451479984, 1551.0002715746
1380.1609831666, 392.4500641899, 1.1436199787, 1550.0000702772
1377.7929839107, 391.3071189181, 1.1420926788, 1548.9987245281
1375.4248772518, 390.1656990575, 1.1405627977, 1547.999443676
1373.0573968478, 389.0258046284, 1.1390320153, 1547.0005915306
1370.6918786484, 387.8874357154, 1.1375034206, 1545.999143887
1368.3264115982, 386.7505924768, 1.135973498, 1544.9981950927
1365.9593138086, 385.6152751563, 1.1344392063, 1544.0004006486
1363.5942753579, 384.4814840994, 1.1329082673, 1542.9985021088
1361.2265059142, 383.349219773, 1.1313705914, 1542.0020097891
1358.8597440068, 382.2184827933, 1.1298356446, 1541.0013263079
1356.492205716, 381.0892739647, 1.128299838, 1539.999759893
1354.1224358672, 379.9615943314, 1.1267611119, 1538.9988275761
1351.7430147123, 378.8354452519, 1.1252079327, 1538.0076958258
1349.3692105134, 377.7108285033, 1.1236665499, 1537.004050897
1346.9960622323, 376.5877464261, 1.1221290331, 1535.9943089288
1344.5991544495, 375.46620204, 1.1205602478, 1535.0047976858
1341.5097079853, 374.3464080373, 1.1185488464, 1534.001954021
1338.9905986748, 373.2285378292, 1.11690429, 1533.0043512595
1336.671354608, 372.1122046339, 1.1153887998, 1532.0070987704
1334.3524838109, 370.99739782, 1.1138782273, 1531.0020788797
1332.0409206615, 369.8841160892, 1.1123749368, 1529.992253931
1329.7245316948, 368.7723586039, 1.1108589879, 1528.9941466334
1327.4087824058, 367.662124923, 1.1093421038, 1527.996550004
1325.0956604415, 366.5534148996, 1.1078292102, 1526.9944679035
1322.7804923671, 365.4462286143, 1.106310458, 1525.9972539884
1320.4665706365, 364.340566337, 1.1047932234, 1524.9977110863
1318.1521121012, 363.2364284847, 1.1032742133, 1523.9987668278
1315.8384386114, 362.1338156018, 1.1017556799, 1522.9985057995
1313.5232049973, 361.0327283387, 1.1002339271, 1521.9999057915
1311.2096606395, 359.933167443, 1.0987145782, 1520.9981383495
1308.8937214428, 358.8351337449, 1.0971907176, 1519.9990561459
1306.5772928617, 357.7386281553, 1.0956655262, 1518.9999878645
1304.2609009411, 356.6436516585, 1.0941407145, 1517.9990384362
1301.9428875006, 355.5502053103, 1.0926126632, 1516.9997096666
1299.6243430107, 354.4582902371, 1.0910844092, 1515.9987799581
1297.3033616978, 353.3679076364, 1.0895514725, 1515.00072366
1294.9829928894, 352.2790587787, 1.0880204672, 1513.9991400035
1292.6590139788, 351.1917450102, 1.0864830352, 1513.0017733899
1290.3361653271, 350.1059677583, 1.084949457, 1511.9986673776
1288.0094322139, 349.0217285376, 1.0834096399, 1510.9992568135
1285.680993397, 347.9390289598, 1.0818677936, 1509.999680263
1283.3505059512, 346.857870743, 1.0803233712, 1509.0003791513
1281.0174248744, 345.7782557268, 1.0787765855, 1508.0005466406
1278.682508682, 344.7001858907, 1.0772290582, 1506.9986111821
1276.3420747249, 343.6236633766, 1.0756729083, 1506.0021737046
1274.0015541246, 342.5486905191, 1.0741209974, 1504.9982717285
1271.6536104061, 341.4752698857, 1.0725580556, 1504.0014588895
1269.3023157114, 340.4034043293, 1.0709939484, 1503.0016951976
1266.9460590664, 339.3330970618, 1.0694258669, 1502.001406355
1264.5823588598, 338.2643517568, 1.0678507847, 1501.0025123445
1262.2114557734, 337.1971727002, 1.0662711329, 1500.0018091772
1259.8304408121, 336.1315650234, 1.064682355, 1499.0029639493
1257.4368212725, 335.0675350782, 1.0630841866, 1498.0039929682
1255.0249724683, 334.0050911038, 1.061471496, 1497.0068151261
1252.5883949586, 332.9442445442, 1.0598434426, 1496.0064626562
1250.1127457645, 331.8850132074, 1.0581939327, 1494.9979489871
1247.5338265655, 330.8274322131, 1.0564717399, 1493.9928813563
1245.0735694194, 329.7715431541, 1.0548208609, 1492.9976937518
1242.8279202313, 328.7171788015, 1.0533220853, 1491.9891275699
1240.584127054, 327.6643175038, 1.0518168133, 1490.9900894782
1238.331506581, 326.6129604848, 1.0502980341, 1490.0003773264
1236.0826715069, 325.5631089922, 1.0487886635, 1488.9994856392
1233.8327296736, 324.514764299, 1.0472778414, 1487.9981532308
1231.5799880096, 323.4679277227, 1.0457622552, 1486.9994666446
1229.3261361178, 322.4226006314, 1.0442447669, 1486.0009702439
1227.0745459935, 321.3787844554, 1.0427329598, 1484.995094749
1224.8179920097, 320.3364806997, 1.0412129087, 1483.9947332149
1222.5550754023, 319.29569097, 1.039682158, 1483.0020449259
1220.2950387765, 318.2564170132, 1.0381586587, 1482.0003116996
1218.0285295109, 317.2186607603, 1.0366251967, 1481.005087618
1215.7640154171, 316.1824244193, 1.0350990032, 1479.999917928
1213.4946983228, 315.1477106558, 1.0335676078, 1478.9960495987
1211.2104335178, 314.1145229566, 1.0320164469, 1478.0045038317
1208.9471413778, 313.0828631129, 1.0304861743, 1477.0018680532
1206.6999312896, 312.0527179433, 1.0289660768, 1475.9987558886
1204.4477179809, 311.024086207, 1.0274367456, 1475.0025349069
1201.9903632998, 309.9970597375, 1.0257704284, 1474.0017661008
1199.5760275211, 308.9717701911, 1.0241312476, 1473.0024117543
1197.1985265133, 307.9481459976, 1.0225168377, 1472.0018459031
1194.8368005374, 306.9261606755, 1.0209116029, 1471.0019525357
1192.4877919992, 305.905800775, 1.0193188802, 1469.9949366676
1190.1360259754, 304.8870583264, 1.0177141429, 1469.0009907895
1187.7921650956, 303.8699283818, 1.016120313, 1467.997514105
1185.4459589908, 302.8544078805, 1.0145197209, 1466.9999372867
1183.0994996853, 301.8404951251, 1.012918863, 1466.0009296871
1180.748656354, 300.8281894921, 1.011310052, 1465.0075344948
1178.4012556088, 299.8174912509, 1.0097121244, 1464.0001948139
1176.0469929173, 298.8084016097, 1.0081047078, 1462.9982214631
1173.6863862635, 297.8009226879, 1.0064919436, 1461.9961125951
1171.3146925256, 296.7950577099, 1.0048677817, 1460.9979312015
1168.9337183617, 295.7908113526, 1.0032384899, 1459.9963462567
1166.5351712081, 294.788190353, 1.0015951462, 1458.9960495136
1164.1116900268, 293.7872048262, 0.9999306955, 1457.999940809
1161.647714846, 292.7878714443, 0.9982426943, 1456.9959736602
1159.0760152631, 291.7902244121, 0.9964703103, 1456.0054872694
1156.6045864452, 290.7943146758, 0.994773705, 1455.0031768924
1154.3892652187, 289.7999641288, 0.9932591992, 1453.9902882094
1152.1713679513, 288.8071423092, 0.9917271636, 1452.9989327453
1149.9535612617, 287.8158497535, 0.9901998852, 1451.9991695924
1147.736089025, 286.8260869934, 0.9886731087, 1450.9974666514
1145.5157919647, 285.8378545776, 0.9871397748, 1450.000985771
1143.2970350745, 284.851153068, 0.9856097152, 1448.9997066632
1141.0784688427, 283.8659830366, 0.9840794035, 1447.9974347097
1138.8577943787, 282.8823450644, 0.982544641, 1446.9980091772
1136.6365900114, 281.9002397428, 0.981008856, 1445.9979857013
1134.414627572, 280.9196676715, 0.9794713428, 1444.9981673123
1132.1914510636, 279.9406294589, 0.9779312987, 1443.9992690059
1129.9684830323, 278.9631257223, 0.9763915344, 1442.9985913193
1127.7432923351, 277.9871570875, 0.9748476568, 1442.0001315807
1125.5177859815, 277.0127241905, 0.9733031298, 1441.0007193872
1123.2920024069, 276.0398276774, 0.9717585195, 1439.9995492177
1121.064583575, 275.0684682062, 0.9702108637, 1438.9996072474
1118.8361593027, 274.0986464483, 0.9686614997, 1437.9995552144
1116.6072139878, 273.1303630905, 0.9671115995, 1436.9981477355
1114.3737982139, 272.163618837, 0.9655537761, 1436.0022729306
1112.141873769, 271.1984144144, 0.9639992849, 1435.0013634207
1109.908337064, 270.2347505741, 0.9624427777, 1434.0001500296
1107.6727777464, 269.2726280984, 0.9608832549, 1432.99968943
1105.4342376841, 268.3120478063, 0.9593189561, 1432.0016056214
1103.1961973721, 267.3530105616, 0.9577572142, 1430.998574147
1100.9547841244, 266.3955172837, 0.9561904566, 1429.9978545419
1098.7040283953, 265.4395689669, 0.9546045098, 1429.0144068446
1096.4598339832, 264.485166659, 0.9530389481, 1428.0056480653
1094.2148764252, 263.5323115599, 0.9514730829, 1426.9948486589
1091.8584267996, 262.581022773, 0.9498153385, 1426.0029235308
1089.3822272784, 261.6315670168, 0.9480801008, 1424.9996315385
1086.9627052488, 260.6838997642, 0.9463810541, 1423.9999831087
1084.5516015154, 259.7379709364, 0.9446873312, 1422.9994708231
1082.127750409, 258.7937651106, 0.9429811065, 1422.0025261485
1079.6758690886, 257.8512830822, 0.941258296, 1420.9990582792
1077.1409789644, 256.9105456429, 0.9394757662, 1419.9956747589
1074.5227508052, 255.9716299677, 0.9376288876, 1418.9989219795
1072.3623012642, 255.0343605186, 0.9361046597, 1418.0002716968
1070.2012625232, 254.0986344795, 0.9345788612, 1417.0017663052
1068.0391495693, 253.1644516159, 0.9330527261, 1416.0010084833
1065.8763682116, 252.2318118985, 0.9315260728, 1414.9986979012
1063.7099891936, 251.3007154677, 0.9299936344, 1413.9996835328
1061.541900951, 250.3711626111, 0.9284591434, 1413.0003166235
1059.3721018248, 249.443153743, 0.9269228039, 1412.0002767242
1057.1993490932, 248.5166893911, 0.9253825737, 1411.0013259815
1055.0259251538, 247.5917701862, 0.9238426906, 1409.9994605397
1052.8484222135, 246.6683968543, 0.9222968666, 1409.0005790592
1050.6694263855, 245.7465702126, 0.9207504597, 1407.9992932752
1048.4866261229, 244.8262911662, 0.9191991233, 1406.9997288327
1046.3013405499, 243.9075607085, 0.917645413, 1405.9994012305
1044.112597158, 242.9903799222, 0.9160876091, 1404.9998758915
1041.9212292625, 242.0747499839, 0.9145279498, 1403.998619686
1039.7248586817, 241.1606721697, 0.9129618484, 1403.000063082
1037.5261464347, 240.2481478651, 0.9113948697, 1401.9985592597
1035.3208019058, 239.3371785763, 0.9098187387, 1401.0021186176
1033.1138339445, 238.4277659473, 0.9082442117, 1399.9996735017
1030.9009930005, 237.5199117813, 0.9066627946, 1398.9996195682
1028.6828880662, 236.6136180682, 0.9050765826, 1397.9993852433
1026.457839812, 235.7088870224, 0.9034832309, 1397.0007230664
1024.2266081651, 234.8057211331, 0.9018844908, 1396.0017521145
1021.98901334, 233.9041232322, 0.9002808939, 1395.0014324542
1019.7434130668, 233.0040965915, 0.8986711473, 1393.99992244
1017.4859845139, 232.1056450621, 0.8970491378, 1393.0024308075
1015.2189365894, 231.2087732843, 0.8954218854, 1392.0004974881
1012.9355282767, 230.3134870278, 0.8937786676, 1391.0032320531
1010.6354913476, 229.4197937676, 0.8921271973, 1389.9982971205
1008.3051845547, 228.5277037931, 0.8904465573, 1389.0029426125
1005.9386138687, 227.6372326743, 0.8887435785, 1387.9997294407
1002.7351103726, 226.7488277766, 0.8864316597, 1387.003639501
1000.4429758612, 225.8625969076, 0.8847818812, 1385.9976099861
998.1851450455, 224.9781049207, 0.8831519419, 1384.997520799
995.9415689026, 224.0953130205, 0.8815307172, 1383.9981502039
993.7051463928, 223.2141992612, 0.8799135319, 1382.9987852107
991.4720409835, 222.3347493838, 0.878297193, 1382.0000792612
989.2417178766, 221.4569534726, 0.8766835762, 1380.9984631233
987.0089787954, 220.580804386, 0.8750645753, 1380.0007648092
984.7760656322, 219.7062969327, 0.8734471835, 1378.9985076454
982.5403623651, 218.8334274204, 0.8718256553, 1377.9977480979
980.2989171642, 217.9621933499, 0.8701968716, 1377.0000211163
978.0549436485, 217.09259331, 0.8685681503, 1375.9974235828
975.8052476374, 216.2246269517, 0.8669350363, 1374.9933094076
973.5380981676, 215.3582950919, 0.865279177, 1374.003240719
971.2664070434, 214.4936000908, 0.8636259197, 1373.0018751412
968.9736183499, 213.6305467575, 0.8619535838, 1372.0044644983
966.6925150721, 212.7691413518, 0.8602931775, 1370.9996630263
964.4537369842, 211.9093570373, 0.8586638942, 1369.9924987525
962.1618367814, 211.0511959115, 0.8569889499, 1368.9943525848
959.8611310753, 210.1946892172, 0.855302386, 1368.0025210985
957.5594204105, 209.33982502, 0.8536187107, 1367.0028910662
955.26414328, 208.4866013423, 0.8519427393, 1365.9964349582
952.9435540655, 207.6350211496, 0.8502409625, 1364.9996017395
950.6031660542, 206.7850912059, 0.8485265176, 1363.9977458757
948.2273296139, 205.9368238744, 0.8467870125, 1362.9922713606
945.7822439334, 205.0902428657, 0.8449882079, 1361.9982811493
943.1168681934, 204.2454139691, 0.8430282061, 1361.0010600644
940.9780949013, 203.4022791525, 0.8414555881, 1360.0009201587
938.8406363677, 202.5606726703, 0.8398879378, 1358.9923818176
936.6730509631, 201.7205981773, 0.8382806949, 1358.0100986696
934.441402342, 200.8823242323, 0.8366436656, 1356.9979349546
932.2340454358, 200.0458505672, 0.8350151236, 1355.9992675741
930.0356043187, 199.2111028355, 0.8333981411, 1354.9906718741
927.8331471597, 198.3780495218, 0.8317687007, 1353.9956429571
925.6299237683, 197.5466723774, 0.8301394097, 1352.997560459
923.4234670192, 196.7169595188, 0.8285071003, 1351.9985841218
921.2122691887, 195.8889028308, 0.8268700449, 1350.9996871877
918.9958748614, 195.06249674, 0.8252288741, 1349.9992627081
916.7710302969, 194.2377375865, 0.8235782153, 1349.0021314197
914.5400670631, 193.4146233069, 0.8219244866, 1348.0005869959
912.2992625318, 192.5931533171, 0.8202624757, 1346.9986115846
910.0446772646, 191.7733285522, 0.8185867337, 1346.0003204367
907.7760942996, 190.9551516891, 0.816900019, 1345.0008818884
905.4894274009, 190.1386276253, 0.8151989125, 1344.0008790613
903.1788683967, 189.323764436, 0.8134796939, 1342.9992672315
900.8308791499, 188.5105753942, 0.8117291986, 1342.0010717328
898.4235255566, 187.6990840435, 0.8099351512, 1340.9994713871
895.8642036748, 186.8893433069, 0.8080305784, 1339.9908071384
893.4562317295, 186.0814279337, 0.8062269976, 1338.9996401204
891.3496175374, 185.2750618829, 0.8046526047, 1337.9993715143
889.234548646, 184.4702102065, 0.8030677801, 1337.0039060875
887.11575917, 183.6668728459, 0.8014807272, 1336.0054654277
884.9916586749, 182.8650499415, 0.7998886265, 1335.0067412372
882.924240374, 182.0647620333, 0.7983522224, 1333.9838890135
880.8325300951, 181.2660471447, 0.7967722613, 1333.0014469509
878.7029441345, 180.4689699454, 0.7951705406, 1332.0059786693
876.5568843038, 179.6738228336, 0.7935659194, 1330.9930294778
874.393889732, 178.8804869289, 0.7919367196, 1329.9981558577
872.2213931301, 178.088904151, 0.7903026215, 1328.9976126399
870.0325285566, 177.29904749, 0.788653202, 1328.0001568975
867.8289356504, 176.5109028694, 0.7869938579, 1326.9987154783
865.601207096, 175.7244641689, 0.7853131381, 1326.0005731819
863.3465712985, 174.9397319605, 0.7836120248, 1325.0004727523
861.0528096778, 174.1567143826, 0.7818794542, 1324.0014409645
858.696505919, 173.3754313858, 0.7800971281, 1323.0044055951
856.204445098, 172.5959305321, 0.7782116705, 1322.0058431555
853.6155543662, 171.8183505305, 0.7762516746, 1321.0070115595
851.5689284962, 171.0424130601, 0.7747050562, 1320.0008614197
849.5149398899, 170.2679923646, 0.7731486948, 1318.9997463223
847.451408468, 169.4950877746, 0.7715838468, 1317.9986859596
845.3784637056, 168.7236995886, 0.770011856, 1316.9955181246
843.2875399987, 167.9538293137, 0.7684201627, 1316.0005663137
841.184285856, 167.1854801895, 0.7668213313, 1314.999628876
839.0574077044, 166.4186583685, 0.7652022062, 1314.0004797091
836.9357433132, 165.6533710001, 0.7635872873, 1312.9986984308
834.8402026367, 164.8895913503, 0.7619886537, 1312.0008928637
832.7295424737, 164.1273160145, 0.7603764301, 1311.0044170252
830.587407712, 163.3665688579, 0.7587443522, 1309.9985174816
828.3670204962, 162.6077200666, 0.7570473309, 1308.9997151852
826.0891399275, 161.8507556005, 0.7553079847, 1307.9960962687
823.6547598397, 161.0956664171, 0.7534489277, 1306.9902816246
821.1533204461, 160.342603459, 0.7515212225, 1306.0122516228
819.2459553772, 159.5911413144, 0.7500672079, 1304.9991871871
817.320211255, 158.8411317247, 0.7485905315, 1303.9990514114
815.3870729543, 158.0925687513, 0.7471064526, 1302.9999116684
813.4412755824, 157.3454478283, 0.745605617, 1302.0110113223
811.5021254198, 156.5997656007, 0.7441245808, 1300.9943711239
809.391008249, 155.8556559067, 0.7425012652, 1299.993292059
807.3356694815, 155.1131563613, 0.7409149785, 1299.0003627018
805.2896771059, 154.3722051179, 0.7393372354, 1298.0029088845
803.2379129529, 153.6327829307, 0.7377549644, 1297.00339821
801.2413764662, 152.8949257885, 0.7362148079, 1296.0025959375
799.19851495, 152.1586739446, 0.7346388142, 1294.9998972215
797.0673250614, 151.4240260599, 0.7329920456, 1293.9995144517
794.8660091959, 150.6910574792, 0.7312890117, 1293.00051212
792.9811854751, 149.9595889239, 0.7298265223, 1292.0067243554
791.0953003962, 149.2295356702, 0.7283696618, 1290.9994545577
789.2926384772, 148.5010117344, 0.7269801218, 1289.9852721514
787.4652268419, 147.7741905376, 0.7255583327, 1288.9927318245
785.6194394503, 147.0489556157, 0.7241223338, 1287.9983829759
783.7639261325, 146.3252549138, 0.7226796555, 1287.0006425614
781.9029953822, 145.6030565072, 0.7212336925, 1285.9993390338
780.0346060218, 144.8823372391, 0.7197788866, 1285.0014921393
778.1625485871, 144.16307881, 0.7183214428, 1284.0012457469
776.2864712435, 143.4452659884, 0.7168598304, 1283.0008018045
774.405723645, 142.728885652, 0.7153928567, 1282.0013516478
772.5227880437, 142.0139262194, 0.7139247119, 1280.9988210119
770.6341543162, 141.3003772898, 0.7124486211, 1280.0004163237
768.7431154581, 140.5882294036, 0.7109708647, 1278.9994498563
766.8477858759, 139.8774738776, 0.7094878168, 1277.9997601596
764.9473390049, 139.1681026948, 0.7079986373, 1277.0016692346
763.0466808506, 138.4601084266, 0.7065108309, 1275.9985408198
761.1379170894, 137.7534842038, 0.7050117848, 1275.0019513653
759.2283021855, 137.0482237111, 0.7035142078, 1273.9991828247
757.3415008611, 136.3443667034, 0.7020309786, 1273.0006150505
755.447731254, 135.6420438672, 0.7005461915, 1271.9928905443
753.6011329941, 134.9411672554, 0.6990837732, 1271.0097621237
751.8261403139, 134.2419926791, 0.6976912722, 1270.000311528
750.0039980233, 133.5444712656, 0.6962554791, 1269.0003824546
748.1614547094, 132.8485099994, 0.6948005683, 1268.0040934884
746.278241935, 132.1540655811, 0.6933141044, 1267.0048133928
744.3243927878, 131.4612079412, 0.6917734026, 1266.0006838844
742.3996795566, 130.7698967128, 0.6902523104, 1265.0005847226
740.4819252292, 130.0800853484, 0.6887355817, 1264.0003417181
738.5652026375, 129.3917459282, 0.6872181641, 1263.0005927677
736.6489368573, 128.7048572656, 0.6857008168, 1261.9990715177
734.7300924726, 128.0194018904, 0.6841789106, 1260.9998365061
732.8091950619, 127.3353647526, 0.6826539186, 1260.0009117777
730.8864730515, 126.6527325305, 0.6811267084, 1259.0009979993
728.9617846005, 125.9714932146, 0.6795973378, 1257.9997452081
727.0329085175, 125.2916358374, 0.6780619666, 1257.0009621342
725.1015234316, 124.6131502801, 0.6765222803, 1256.0039757964
723.2194075327, 123.9360647163, 0.6750229262, 1255.0025183215
721.4308972585, 123.2607189209, 0.6735960004, 1254.0033130518
719.6087687041, 122.5871404203, 0.6721431464, 1253.0008132644
717.753400057, 121.9151875569, 0.6706603427, 1252.002741319
715.7458040443, 121.2449627009, 0.6690573435, 1251.00004492
713.7963813529, 120.5764300403, 0.6674979638, 1250.0005343505
711.8548444158, 119.9094975331, 0.6659440043, 1249.0004214006
709.9146835263, 119.2441178129, 0.6643903213, 1247.9995189637
707.9729992888, 118.5802568665, 0.662833727, 1246.9993943471
706.0289809535, 117.9178876664, 0.6612736977, 1245.999759898
704.0826364, 117.256987573, 0.6597106319, 1244.9998291165
702.1336771907, 116.5975369945, 0.658144302, 1243.9995479791
700.1831240381, 115.9395186081, 0.6565799288, 1242.9905437228
698.2633919706, 115.2829346472, 0.6550230076, 1242.0118334664
696.4024039853, 114.6280932864, 0.6535337239, 1240.9925725903
694.5033270094, 113.9749141839, 0.6520010549, 1239.9952961976
692.5844701144, 113.3233053784, 0.6504500967, 1239.0001625152
690.6593010921, 112.6732187585, 0.6488952181, 1238.0003695574
688.8155462581, 112.0247196095, 0.6474060829, 1236.9983647114
686.9324281184, 111.3778204558, 0.645885028, 1235.9943549557
685.0254140621, 110.7324517785, 0.6443390171, 1234.9987269767
683.1094646878, 110.0885755401, 0.6427864891, 1233.9992417766
681.185205118, 109.4461636105, 0.6412260921, 1232.9993718154
679.2532384125, 108.8051930729, 0.63965766, 1232.0003037887
677.3165426124, 108.1656443377, 0.6380901449, 1230.989372367
675.4274567043, 107.5275317499, 0.6365482155, 1230.0010736607
673.5762499144, 106.8911611765, 0.6350450605, 1228.9953259237
671.6845283373, 106.2564239219, 0.6335024572, 1227.9998971741
669.7773739698, 105.6232335517, 0.6319484459, 1226.9997854029
667.8587495647, 104.9915428384, 0.6303837418, 1225.9997223676
665.9305713513, 104.3613182454, 0.6288094323, 1225.000532826
664.0403520259, 103.7325529457, 0.6272653274, 1224.0002298859
662.1644998307, 103.1053573721, 0.6257315325, 1223.0003084094
660.2637867191, 102.4796700384, 0.6241775618, 1221.9975587919
658.3462471439, 101.8554438943, 0.6226067731, 1220.9981065393
656.3218682014, 101.2327321336, 0.6209476114, 1219.9976076417
654.4199255765, 100.6118029517, 0.6193867688, 1218.9988009485
652.5131856884, 99.9927842737, 0.6178221085, 1217.9978016741
650.5867935317, 99.3754650859, 0.616238756, 1216.9995010701
648.6508415514, 98.7597541707, 0.6146466738, 1216.0003911759
646.6599134158, 98.1456144496, 0.613007703, 1215.0019066115
644.6553546777, 97.5331053341, 0.6113587339, 1213.9982940531
642.6639936658, 96.9221488172, 0.6097167148, 1212.9996186448
640.675709737, 96.3126949035, 0.6080760028, 1212.0004756343
638.7173093532, 95.7047131246, 0.6064590616, 1211.0001631285
636.8825679059, 95.0983297788, 0.6049416889, 1210.0024037008
635.0477612687, 94.4938495491, 0.6034253655, 1209.0005698748
633.1633407754, 93.8910851819, 0.6018658682, 1208.0007596829
631.260110829, 93.2899268335, 0.6002893036, 1207.0014130478
629.3465839638, 92.6903110801, 0.598704015, 1205.999754409
627.4234910294, 92.0921915291, 0.5971076301, 1205.0016551018
625.4963912382, 91.4955307674, 0.5955082171, 1204.000047991
623.5641274906, 90.900296958, 0.5939021714, 1203.0001890099
621.625792071, 90.3064620675, 0.5922834338, 1202.0127755191
619.800277831, 89.7141184598, 0.5907691754, 1201.0010438033
618.0045944442, 89.1234853385, 0.5892722712, 1200.0022983405
616.2128857016, 88.5345371405, 0.5877809734, 1198.9966580789
614.379487389, 87.9471469812, 0.586248411, 1198.0017704879
612.4448819522, 87.3614026598, 0.5846331753, 1197.000639373
610.5622465769, 86.7772764222, 0.5830597958, 1196.000012343
608.7143715446, 86.1946348949, 0.5815141227, 1194.9993634533
606.8685043713, 85.6134024705, 0.5799656819, 1194.0049704266
605.1476903872, 85.0336934782, 0.5785292752, 1192.9930143338
603.3732555584, 84.4556537027, 0.5770373158, 1192.0007431111
601.5645519882, 83.8791256395, 0.5755167199, 1191.0056717548
599.7414425405, 83.3040419418, 0.5739875516, 1190.0005192633
597.9998767664, 82.7304494805, 0.5725235232, 1188.9997504331
596.1989548299, 82.1583337406, 0.5710080386, 1187.9995424095
594.3713197264, 81.5876275997, 0.5694676784, 1187.0014278528
592.5927222284, 81.0183152563, 0.5679732539, 1185.9907712333
590.8507450069, 80.4506646167, 0.5664990018, 1185.0001632179
589.0509458921, 79.8845608743, 0.5649789719, 1184.0007151829
587.1599073526, 79.3199932176, 0.563379402, 1183.0036707296
585.2832674365, 78.7569490282, 0.5617932545, 1182.0010495141
583.3949557797, 78.1953443041, 0.5601950832, 1180.9998337398
581.5190101039, 77.6352016446, 0.558606905, 1179.9965338677
579.723589423, 77.0768322678, 0.5570834398, 1178.9982877826
577.9121090059, 76.5203747777, 0.5555450977, 1178.0006455582
576.0569982863, 75.9655992992, 0.5539694528, 1177.0009957917
574.1783335415, 75.4123982841, 0.5523731985, 1175.9997291791
572.280608023, 74.8607066444, 0.5507588159, 1174.9994660761
570.3655056269, 74.3104772831, 0.5491263574, 1174.0029853247
568.49360148, 73.7616892194, 0.5475324116, 1172.9995833802
566.6674609694, 73.2145949, 0.5459739556, 1172.0010621589
564.8802385018, 72.6691615396, 0.5444489722, 1170.9993638043
563.0246651967, 72.1253321794, 0.5428634914, 1169.9994703443
561.1339926864, 71.5830111167, 0.5412465369, 1168.9996345723
559.2188938776, 71.0421466029, 0.5396059429, 1168.0024077384
557.3574141677, 70.5027303068, 0.5380131956, 1166.9976676365
555.4641858519, 69.9650756343, 0.5363885989, 1166.0002892284
553.5213988708, 69.4292502842, 0.534719122, 1165.0053710161
551.5691217092, 68.8950546656, 0.5330452185, 1163.9991408762
549.6923947648, 68.3624798868, 0.5314313941, 1163.0003074012
547.753003792, 67.8314764187, 0.5297633801, 1161.9989288281
545.8847945597, 67.3022384093, 0.528153981, 1161.0004941272
543.9506096603, 66.7748418699, 0.5264875929, 1159.9997033471
541.9862359245, 66.2490894912, 0.5247927031, 1159.0011099229
540.001970697, 65.7249019883, 0.5230801673, 1158.0000744711
537.9981851446, 65.2022273756, 0.5213490425, 1156.999175993
536.1729358026, 64.6811909826, 0.5197700275, 1155.9999519348
534.2608659748, 64.1619779132, 0.5181145869, 1155.0009572742
532.2496776613, 63.6446170141, 0.5163734013, 1153.9988178547
530.2333651473, 63.1289834267, 0.5146251026, 1152.9992330317
528.1985830166, 62.6149665846, 0.5128571979, 1152.0040120331
526.3013280452, 62.1027237011, 0.511211512, 1150.9992204512
524.3069682128, 61.5922151078, 0.5094776493, 1149.999777576
522.3484202687, 61.0833508347, 0.5077735116, 1149.0000122777
520.3513317039, 60.5761314413, 0.5060337651, 1148.0013848809
518.403952663, 60.0705205198, 0.5043379153, 1146.9977878193
516.431784206, 59.5666982888, 0.5026161512, 1146.0007424735
514.3220119816, 59.064739878, 0.5007738174, 1145.0014596904
512.2189889573, 58.5646824431, 0.4989402512, 1143.9920312591
510.1384179328, 58.0663496908, 0.4971154587, 1143.0036175149
508.2164753654, 57.5699475994, 0.4954348239, 1141.9997054663
506.184465006, 57.0753885212, 0.4936543253, 1141.0005435911
504.1102798576, 56.5825348306, 0.4918368019, 1139.9976831759
502.0062570579, 56.091318467, 0.4899872537, 1139.0042726743
500.0283178341, 55.6018949403, 0.4882543924, 1137.9932704007
497.906621078, 55.114277527, 0.4863856872, 1137.0007652863
495.8289667882, 54.6285869049, 0.4845651936, 1135.9824456624
493.7495313836, 54.1446992045, 0.4827238042, 1135.005619721
491.7165669462, 53.6627325899, 0.4809336781, 1134.0010575175
489.5715123043, 53.1826109748, 0.4790399332, 1133.003922395
487.4034918594, 52.7043187797, 0.4771218875, 1132.0122275
485.2958563678, 52.2277826016, 0.4752641734, 1130.9997029667
483.2132478388, 51.7531989221, 0.4734216173, 1130.0000406192
481.0542073278, 51.2806741482, 0.4715108008, 1128.9982765473
478.8623388673, 50.8100112453, 0.4695646774, 1128.0072280423
476.7773176929, 50.3412570985, 0.4677182655, 1127.0001915422
474.6062678902, 49.8743934399, 0.4657874587, 1126.0085507623
472.397318601, 49.4092976858, 0.4638303975, 1124.9944356719
470.303330476, 48.9459890558, 0.4619656158, 1123.9999294144
468.0936031455, 48.4848764801, 0.4599987948, 1122.9996371294
465.8493617578, 48.0258374892, 0.4580026502, 1121.9917592121
463.6266864872, 47.5687021485, 0.4560164125, 1121.0021713489
461.4333196783, 47.1135689954, 0.4540570924, 1120.0064863632
459.1906997642, 46.6603239504, 0.4520562086, 1119.0002793338
456.9333440716, 46.2089804806, 0.4500326198, 1118.0130114745
454.7644795048, 45.7598203102, 0.4480974877, 1116.9986743995
452.4916936036, 45.3126777757, 0.4460590188, 1116.0056189203
450.1773463511, 44.8674248279, 0.4439857054, 1115.0015984834
447.932914405, 44.4242399598, 0.441968857, 1114.0087057955
445.6265572806, 43.9831201355, 0.4399036803, 1112.9929103484
443.2953094416, 43.5441515703, 0.4378010453, 1112.0107322701
441.0656979861, 43.1073064738, 0.4357991049, 1111.0004565539
438.7323892928, 42.6724863809, 0.4336960587, 1110.0051890554
436.3861133248, 42.2395880819, 0.4315873608, 1108.9891522357
434.0564534504, 41.8088626566, 0.4294818328, 1107.9987085287
431.6683624253, 41.3803668509, 0.4273270049, 1106.9946992313
429.3481921491, 40.9539896054, 0.4252279521, 1106.0001569684
426.9965247821, 40.5297518144, 0.4231007882, 1104.9997770136
424.5565311839, 40.1076278325, 0.4208907635, 1104.0017963783
422.1901964431, 39.6877178035, 0.4187482566, 1102.9966261996
419.7669519323, 39.2699589685, 0.416546287, 1102.0069682339
417.3042504178, 38.8542864634, 0.4143128125, 1101.0003146332
414.9324339353, 38.4409489815, 0.4121585043, 1099.9976421453
412.4678904053, 38.0299057558, 0.4099156726, 1099.0011513052
410.03832435, 37.6209993866, 0.4077026241, 1098.0045192869
407.5706207009, 37.2142823505, 0.4054592842, 1096.9903029842
405.0371569145, 36.8098573945, 0.4031439877, 1096.0029859705
402.5692915386, 36.4077570516, 0.4008898031, 1095.0067703392
400.0530849714, 36.0078916675, 0.3985949888, 1093.9951300433
397.563000128, 35.6103425201, 0.3963162614, 1092.9991645746
395.0561719495, 35.2151387999, 0.3940219729, 1091.9982648989
392.4850596584, 34.8221285225, 0.3916657781, 1090.9995512932
389.9600109446, 34.4315583177, 0.3893492749, 1090.0022077149
387.3748530623, 34.0433799558, 0.3869778538, 1088.9983210308
384.835768665, 33.6574490277, 0.3846463528, 1087.9947636521
382.2330532313, 33.2739378599, 0.3822478837, 1087.0092649321
379.616331503, 32.8927928626, 0.3798440965, 1085.995881468
377.0318648857, 32.5140438315, 0.3774608155, 1085.0024476365
374.3884508114, 32.1377522471, 0.3750241885, 1083.9999539327
371.8077648337, 31.7637967863, 0.3726406663, 1083.0046156349
369.1517448821, 31.3922755145, 0.370188763, 1081.9994026139
366.5305494607, 31.0232419308, 0.3677618241, 1081.0088631726
363.8957849201, 30.6565992321, 0.3653265088, 1079.9993284897
361.2229708782, 30.2924166026, 0.3628492137, 1079.0029928076
358.6224731225, 29.9306668361, 0.360437529, 1078.0041163319
355.9526066927, 29.5714300381, 0.3579612761, 1076.9992802619
353.3342618708, 29.2145991331, 0.3555256435, 1076.0091937583
350.6930578959, 28.8602213773, 0.3530726605, 1075.0004793782
348.0672201122, 28.5083276964, 0.3506285399, 1074.001414476
345.4594961676, 28.1588729183, 0.3481996771, 1073.0003319786
342.8307415036, 27.8118284944, 0.3457486587, 1072.0000228115
340.2656360418, 27.4672312278, 0.3433552774, 1070.9981511187
337.6870626003, 27.1250481288, 0.3409453721, 1070.0016501684
335.1981333188, 26.7851857038, 0.3386193004, 1068.9978941851
332.7789829417, 26.4476731066, 0.336354735, 1067.9994027138
330.4564231521, 26.1123855202, 0.3341788789, 1066.9998351019
328.1936647515, 25.7791772598, 0.3320563358, 1066.0023733613
325.9131701306, 25.4481809536, 0.3299169359, 1064.9994371486
323.601688656, 25.1192894551, 0.3277467085, 1063.9953632357
321.2918720477, 24.7925844751, 0.3255733963, 1062.9998043527
318.9596529428, 24.4680840369, 0.3233782168, 1062.0002186318
316.606192569, 24.145750294, 0.3211607162, 1061.0013169487
314.2689329234, 23.8256676204, 0.3189574074, 1059.9992121836
311.870856969, 23.5078127219, 0.3166954686, 1058.994216694
309.5024934724, 23.1921693582, 0.3144572292, 1057.9965473349
307.1136156436, 22.8788380032, 0.3121974806, 1056.9990925378
304.6834480271, 22.567752737, 0.309897515, 1055.9981444516
302.2697291999, 22.2589580214, 0.3076101911, 1054.999790606
299.8349979959, 21.952459824, 0.3053010219, 1054.0005919964
297.3878853528, 21.6482843968, 0.3029783527, 1052.9998822096
294.930216583, 21.3464257758, 0.3006432191, 1051.9999197768
292.5134237356, 21.0468869375, 0.2983466351, 1050.9932871101
290.0643690021, 20.7496889895, 0.2960134946, 1049.9996240148
287.6002362429, 20.4548194109, 0.2936653695, 1049.0002828439
285.1325039185, 20.1622985479, 0.2913118104, 1048.0000864733
282.7116442164, 19.8721095365, 0.2890014025, 1046.9975271483
280.2852133095, 19.5842563662, 0.2866828406, 1045.9972738362
277.8737498162, 19.2987109432, 0.2843747764, 1045.002881631
275.4834349575, 19.0154549237, 0.282087101, 1043.9998456656
273.1723221088, 18.734458239, 0.2798732014, 1042.996538647
270.8891164629, 18.4556680541, 0.2776825357, 1041.9984959398
268.7158587124, 18.1790081307, 0.2755935621, 1041.0071433021
266.7434249449, 17.9043464814, 0.2736983783, 1040.0053269455
265.2157190866, 17.6313768722, 0.2722295335, 1039.0022432449
263.7093423927, 17.359858324, 0.2707803909, 1037.9968793824
262.2024448287, 17.0897852202, 0.269327145, 1036.9999283028
260.6837066164, 16.8211785566, 0.2678610526, 1036.0031160872
259.1547122508, 16.5540330772, 0.2663855039, 1034.9990570405
257.6372826351, 16.2883682769, 0.2649179196, 1034.0019704579
256.093691444, 16.0241866752, 0.2634252491, 1032.9984655746
254.5531285785, 15.7614952678, 0.261932729, 1032.0001814272
252.9922788798, 15.5003076937, 0.2604173141, 1031.0089693688
251.4398821061, 15.2406255619, 0.2589133011, 1029.9992566714
249.8674345819, 14.9824670714, 0.2573857993, 1028.9996664506
248.2840228316, 14.7258293016, 0.2558455302, 1028.0025293896
246.7139227602, 14.4707345567, 0.2543176739, 1027.0015972104
245.1165092471, 14.2171840331, 0.2527619242, 1025.9998378674
243.5189117644, 13.965191626, 0.251203972, 1025.0001276229
241.9044168422, 13.7147598916, 0.2496284045, 1023.9987603435
240.2967907924, 13.4659091361, 0.2480582097, 1022.9965789328
238.6543589363, 13.2186401139, 0.2464480048, 1022.0127334995
237.0353076542, 12.9729688758, 0.2448660245, 1021.0002676359
235.3853072575, 12.7289019011, 0.2432510447, 1019.9923682989
233.7347741047, 12.4864533159, 0.2416300034, 1019.0010508935
232.0662485118, 12.2456300273, 0.2399920497, 1017.9998829165
230.4008440656, 12.0064482728, 0.2383558382, 1016.9975031489
228.7202608289, 11.768912232, 0.2367017308, 1016.0009063913
227.0242284294, 11.5330393348, 0.2350312984, 1015.0021266948
225.3224670018, 11.2988381437, 0.2333535567, 1014.0034223787
223.6073224146, 11.0663221232, 0.2316615837, 1013.0019867639
221.8889599582, 10.8355008832, 0.2299644612, 1012.0018528885
220.150691766, 10.6063886458, 0.2282459517, 1011.0018542568
218.4092092326, 10.3789967425, 0.2265236776, 1009.9968725788
216.6493089502, 10.1533380025, 0.2247830296, 1008.9847411607
214.8840013625, 9.9294260158, 0.223027571, 1008.0073346411
213.1053022767, 9.707273428, 0.2212633646, 1007.0016613446
211.3152494337, 9.4868947877, 0.2194851021, 1006.0005990646
209.5106854656, 9.2683011172, 0.2176903651, 1005.0007795129
207.6976394269, 9.0515099691, 0.2158863951, 1003.9963345084
205.869249493, 8.836532014, 0.2140634741, 1003.0005465032
204.0231473648, 8.6233846675, 0.2122225269, 1001.9979272626
202.1703862939, 8.4120810919, 0.2103714843, 1001.0029071516
200.3032679407, 8.2026373618, 0.2085034699, 1000.0116802663
198.4208385008, 7.9950678703, 0.2066222911, 999.0011499659
196.5261717048, 7.7893895009, 0.2047251399, 997.9993728666
194.6141204142, 7.5856175641, 0.2028083, 996.9993238199
192.6936983754, 7.3837690869, 0.2008809857, 996.0000285493
190.7507451939, 7.1838608551, 0.1989287962, 995.0022812358
188.7961008361, 6.9859096801, 0.1969616513, 994.010809886
186.8240618075, 6.7899330589, 0.1949770147, 993.0093308008
184.8367413759, 6.5959495073, 0.1929752067, 992.0066633956
182.8338146973, 6.4039770807, 0.1909535778, 991.0146432074
180.8165113171, 6.2140344717, 0.1889190322, 990.003725866
178.7817380303, 6.0261409439, 0.1868653036, 988.9897985607
176.7235836197, 5.8403158673, 0.1847793217, 988.0104431134
174.6524137597, 5.6565797578, 0.1826836842, 987.0010795386
172.5626602918, 5.4749527021, 0.1805655435, 985.999928522
170.4508925841, 5.2954558083, 0.1784223136, 985.002071112
168.3236955921, 5.1181104776, 0.1762622514, 983.9985855062
166.1727783704, 4.9429387455, 0.1740732021, 983.0101074036
164.0064671458, 4.7699629313, 0.1718707486, 981.9962468368
161.8148824536, 4.5992059953, 0.1696365694, 981.0036186232
159.6069858079, 4.4306912446, 0.1673855307, 979.999145433
157.3752381568, 4.2644425355, 0.1651068632, 979.0003733156
155.1216022206, 4.1004842422, 0.1628030678, 978.004214338
152.8481591147, 3.9388410307, 0.1604791041, 976.9932417267
150.548123128, 3.7795380825, 0.1581222782, 976.0020088249
148.2295457598, 3.6226008183, 0.155745991, 974.9987502223
145.8868309879, 3.468054836, 0.1533417295, 974.0002691089
143.5219367325, 3.3159257136, 0.1509129319, 972.997214735
141.1319671773, 3.1662387638, 0.1484532572, 972.0110467727
138.7254030573, 3.0190183316, 0.1459767865, 971.0065882502
136.3019048154, 2.87428674, 0.1434809768, 969.997519162
133.8679314094, 2.7320606687, 0.140968889, 969.008077551
131.4367803741, 2.5923409386, 0.1384596565, 968.0012550702
128.9698672864, 2.4551524055, 0.1359105174, 966.9966845351
126.4626034622, 2.3205368327, 0.1333164605, 965.9957952443
123.9112946212, 2.1885381921, 0.1306727775, 965.0046110158
121.3184978009, 2.0592028859, 0.1279842183, 964.0071433064
118.6814074173, 1.9325799649, 0.1252476384, 963.0040847699
115.9978310392, 1.8087214485, 0.1224609276, 961.9929787708
113.2585299353, 1.6876826175, 0.1196116404, 960.9952020595
110.4623086626, 1.5695224109, 0.1166996797, 960.0011869835
107.607010793, 1.4543039001, 0.1137234356, 959.0047480205
104.6904007805, 1.3420947653, 0.1106814203, 957.9972435468
101.7001197202, 1.2329679924, 0.1075575023, 957.0051876967
98.6394279915, 1.1270026057, 0.1043588999, 955.9935059307
95.4931459194, 1.0242846253, 0.1010660866, 954.9932504562
92.2562801615, 0.9249082187, 0.0976752623, 953.9896409972
88.9172481527, 0.8289771514, 0.0941729105, 952.9940699541
85.4670652462, 0.7366066839, 0.0905508727, 951.991619746
81.8891804458, 0.6479259178, 0.0867903622, 950.9939157943
78.1653150432, 0.5630810433, 0.0828718556, 950.0016075664
74.2793465094, 0.4822396416, 0.0787805803, 948.9849643951
70.1921685867, 0.405596764, 0.0744703784, 947.9979401781
65.8712098251, 0.3333838677, 0.0699101096, 946.995993535
61.2581082236, 0.2658821836, 0.0650361291, 945.9971136005
56.2726075675, 0.2034446353, 0.0597634477, 944.9932093429
50.7846472386, 0.1465340634, 0.0539523662, 944.0027364199
44.5717025431, 0.0957986481, 0.0473679507, 942.9899442154
